length, lev_dist, lev_margin, lang_size, time
15, 1, 0, 7, 568.630167ms
23, 1, 0, 57, 607.295208ms
6, 2, 1, 809, 608.866750ms
16, 1, 0, 67, 611.350292ms
16, 2, 0, 121, 717.871708ms
29, 1, 0, 5, 785.142291ms
28, 1, 0, 7, 268.254708ms
39, 1, 0, 102, 959.951167ms
47, 1, 0, 60, 1.089486750s
37, 1, 0, 50, 545.992375ms
33, 1, 0, 8, 272.607208ms
30, 1, 0, 2, 572.261417ms
35, 1, 0, 37, 304.587167ms
21, 1, 0, 26, 124.615459ms
35, 1, 0, 5, 320.152042ms
18, 1, 0, 62, 111.837708ms
23, 1, 0, 35, 59.516500ms
42, 1, 0, 78, 761.471583ms
54, 1, 0, 4, 1.786370958s
57, 1, 0, 8, 1.809429167s
24, 1, 0, 63, 140.579333ms
62, 1, 0, 15, 1.972855834s
55, 1, 0, 57, 831.456542ms
66, 1, 0, 102, 2.026242542s
36, 1, 0, 4, 298.447334ms
24, 2, 1, 12540, 978.783250ms
16, 1, 0, 4, 50.372ms
30, 1, 0, 55, 228.583042ms
11, 2, 0, 3, 90.608041ms
12, 1, 0, 6, 16.001834ms
33, 1, 0, 67, 288.619917ms
9, 1, 0, 66, 13.736375ms
57, 1, 0, 16, 877.050375ms
43, 1, 0, 82, 486.594ms
36, 3, 1, 53800, 2.701693042s
25, 1, 0, 2, 141.488125ms
70, 1, 0, 39, 1.435254458s
43, 1, 0, 150, 540.908250ms
59, 2, 1, 34162, 2.091815583s
51, 2, 1, 700, 1.394734458s
31, 1, 0, 8, 198.867250ms
18, 2, 1, 519, 94.535958ms
42, 1, 0, 51, 418.537167ms
28, 2, 1, 4184, 457.946917ms
27, 1, 0, 5, 172.412667ms
65, 2, 1, 83294, 3.917481500s
11, 1, 0, 2, 52.271459ms
56, 1, 0, 8, 896.263459ms
19, 1, 0, 29, 50.219333ms
13, 1, 0, 41, 26.019208ms
23, 1, 0, 35, 59.472875ms
49, 1, 0, 100, 529.531292ms
31, 1, 0, 28, 136.593708ms
26, 1, 0, 34, 89.972667ms
62, 2, 1, 55274, 5.323402708s
19, 1, 0, 144, 48.157959ms
93, 1, 0, 7, 3.296083583s
52, 1, 0, 26, 663.871042ms
15, 2, 1, 15979, 424.941541ms
53, 2, 1, 13841, 2.114029125s
41, 2, 1, 23538, 1.081044750s
18, 1, 0, 64, 38.333542ms
33, 2, 1, 9101, 994.020083ms
54, 1, 0, 56, 739.894875ms
24, 1, 0, 46, 188.269708ms
24, 1, 0, 2, 75.848334ms
22, 1, 0, 4, 69.256792ms
66, 2, 0, 1795, 3.738702209s
98, 1, 0, 32, 3.649671208s
34, 1, 0, 9, 243.895625ms
51, 2, 1, 1022, 1.366366083s
21, 1, 0, 48, 99.253875ms
16, 1, 0, 48, 43.107917ms
45, 1, 0, 78, 571.850792ms
24, 2, 1, 27172, 277.059ms
79, 1, 0, 5, 2.151128625s
15, 1, 0, 81, 48.778916ms
14, 1, 0, 14, 28.332917ms
38, 3, 2, 1761664, 9.344333583s
34, 2, 0, 1245, 819.889833ms
16, 1, 0, 4, 57.535459ms
32, 3, 2, 3855870, 9.129971625s
21, 1, 0, 3, 90.231792ms
30, 1, 0, 35, 203.416584ms
36, 2, 1, 8140, 1.004641916s
20, 1, 0, 64, 44.796125ms
91, 2, 0, 49, 9.141382916s
93, 1, 0, 8, 3.299788917s
29, 1, 0, 37, 141.556167ms
54, 1, 0, 4, 753.703208ms
41, 2, 1, 32883, 930.810917ms
20, 3, 2, 852624, 10.805095s
71, 3, 0, 392, 10.418043333s
51, 2, 1, 14603, 1.251504s
39, 1, 0, 17, 366.028959ms
40, 2, 1, 32882, 822.577667ms
22, 1, 0, 64, 225.806042ms
52, 2, 1, 8119, 1.987182833s
46, 1, 0, 23, 551.400125ms
20, 1, 0, 48, 77.745500ms
5, 2, 1, 113, 16.045459ms
18, 1, 0, 40, 64.296542ms
89, 2, 1, 49372, 5.694965167s
23, 2, 0, 1716, 243.117083ms
42, 1, 0, 3, 411.535958ms
55, 2, 1, 4266, 1.668232500s
27, 1, 0, 14, 106.415625ms
96, 1, 0, 29, 3.588331583s
93, 1, 0, 94, 3.065383250s
45, 3, 2, 14663997, 13.431363750s
26, 1, 0, 2, 103.022291ms
92, 2, 1, 14839, 6.399473708s
17, 1, 0, 58, 58.060667ms
21, 1, 0, 86, 64.084417ms
28, 1, 0, 15, 135.807666ms
29, 2, 1, 26412, 453.810333ms
29, 1, 0, 70, 132.476875ms
10, 2, 1, 7799, 171.191500ms
9, 2, 0, 549, 52.484208ms
89, 1, 0, 58, 2.670850833s
52, 1, 0, 30, 492.060667ms
47, 1, 0, 14, 584.425500ms
51, 1, 0, 102, 692.386916ms
26, 1, 0, 95, 89.147834ms
24, 2, 1, 23211, 1.405549291s
49, 2, 1, 41879, 1.749075625s
34, 1, 0, 2, 170.800709ms
16, 1, 0, 23, 27.850917ms
22, 1, 0, 42, 160.150292ms
51, 2, 1, 31387, 1.933034459s
32, 1, 0, 5, 139.518375ms
12, 2, 1, 5880, 104.461791ms
33, 1, 0, 8, 173.682166ms
60, 1, 0, 254, 940.889416ms
32, 1, 0, 37, 147.899084ms
21, 2, 0, 1001, 172.552500ms
96, 1, 0, 20, 3.256500416s
33, 1, 0, 110, 261.623916ms
65, 3, 1, 127928, 5.190203750s
26, 1, 0, 28, 107.603459ms
41, 2, 1, 57332, 874.694459ms
38, 2, 1, 23940, 781.032167ms
96, 2, 1, 66192, 6.746559458s
16, 1, 0, 55, 36.296958ms
25, 1, 0, 11, 94.866792ms
34, 2, 0, 9290, 1.306421250s
16, 1, 0, 2, 53.378541ms
91, 3, 0, 36, 18.996178541s
20, 1, 0, 65, 63.633667ms
36, 1, 0, 8, 188.215750ms
13, 2, 1, 3378, 96.035125ms
47, 3, 2, 376033, 15.630098959s
75, 2, 1, 11146, 3.462733708s
13, 2, 0, 56, 66.741041ms
88, 2, 1, 84840, 6.468260666s
20, 1, 0, 2, 66.797625ms
19, 1, 0, 18, 60.287167ms
78, 1, 0, 23, 1.963763125s
58, 2, 1, 52570, 2.481332292s
53, 2, 0, 207, 2.305890458s
67, 2, 0, 152, 3.706248292s
59, 1, 0, 176, 923.416958ms
30, 2, 1, 3151, 670.559709ms
5, 2, 1, 4661, 76.930375ms
13, 2, 1, 13464, 581.475ms
15, 1, 0, 20, 27.185792ms
23, 2, 1, 20487, 837.924042ms
59, 1, 0, 4, 691.642459ms
78, 1, 0, 28, 1.868973167s
36, 2, 1, 21811, 772.384875ms
31, 1, 0, 6, 137.997500ms
61, 2, 1, 3086, 1.985388791s
16, 1, 0, 25, 34.497416ms
47, 1, 0, 3, 516.922625ms
24, 1, 0, 48, 74.628917ms
71, 1, 0, 22, 1.459791042s
48, 1, 0, 57, 581.566791ms
54, 1, 0, 2, 684.199959ms
32, 1, 0, 3, 158.165291ms
26, 1, 0, 43, 104.975958ms
58, 3, 2, 18231184, 22.672732166s
25, 1, 0, 58, 100.498250ms
18, 1, 0, 46, 39.112584ms
72, 1, 0, 72, 1.296140958s
16, 1, 0, 7, 28.378917ms
32, 3, 1, 756205, 10.375054s
11, 2, 1, 7145, 195.312292ms
16, 1, 0, 15, 41.336791ms
9, 3, 0, 226858, 247.038375ms
8, 1, 0, 38, 17.844166ms
44, 1, 0, 6, 490.671750ms
83, 1, 0, 26, 2.172958250s
22, 1, 0, 4, 61.091834ms
16, 2, 0, 165, 81.271458ms
9, 2, 1, 1667, 54.238917ms
19, 2, 1, 12210, 160.695917ms
49, 2, 1, 58508, 1.558531666s
18, 1, 0, 67, 45.022167ms
33, 1, 0, 2, 355.701833ms
6, 2, 1, 4189, 82.185083ms
35, 1, 0, 17, 199.235833ms
20, 1, 0, 92, 49.968125ms
13, 1, 0, 66, 34.817750ms
56, 3, 2, 170260, 6.353448542s
55, 1, 0, 51, 663.719167ms
86, 1, 0, 64, 2.442332583s
75, 2, 1, 969, 3.085046792s
36, 2, 1, 26836, 599.251792ms
48, 1, 0, 4, 575.793708ms
39, 1, 0, 6, 377.617708ms
78, 2, 0, 49, 5.592604125s
30, 2, 1, 17095, 730.776834ms
82, 3, 1, 2758945, 23.832709083s
45, 1, 0, 30, 373.900917ms
5, 2, 1, 6848, 90.998417ms
27, 2, 1, 21866, 494.386625ms
17, 1, 0, 38, 33.921666ms
49, 1, 0, 94, 468.349083ms
55, 1, 0, 86, 782.051500ms
82, 1, 0, 4, 1.966948250s
9, 1, 0, 5, 9.451291ms
54, 1, 0, 7, 813.235333ms
37, 2, 1, 23858, 673.090584ms
49, 2, 1, 43970, 1.165451958s
18, 1, 0, 37, 53.542625ms
50, 1, 0, 6, 686.082ms
40, 3, 0, 143380, 2.565339041s
34, 1, 0, 2, 188.917459ms
11, 1, 0, 8, 13.923042ms
50, 2, 1, 27314, 1.403273208s
25, 1, 0, 16, 93.017208ms
39, 2, 1, 24705, 1.902295583s
16, 2, 1, 14948, 146.008542ms
63, 1, 0, 102, 1.202283416s
25, 1, 0, 2, 100.232916ms
12, 2, 1, 3118, 85.236417ms
44, 2, 1, 33727, 2.456711667s
15, 1, 0, 80, 35.015167ms
60, 1, 0, 13, 984.521042ms
49, 1, 0, 16, 596.228834ms
81, 2, 0, 56, 6.064947083s
84, 1, 0, 49, 2.251133375s
11, 2, 1, 6340, 176.038666ms
73, 1, 0, 4, 1.561025333s
26, 2, 1, 5204, 357.353292ms
29, 2, 1, 25506, 580.406ms
20, 1, 0, 13, 61.058541ms
92, 1, 0, 4, 2.864402167s
39, 1, 0, 28, 876.739750ms
74, 1, 0, 8, 2.121664084s
21, 2, 1, 21102, 953.204417ms
29, 3, 1, 72055, 1.539773083s
39, 2, 0, 4160, 1.686112167s
36, 2, 1, 8400, 682.444ms
51, 1, 0, 4, 697.033459ms
6, 1, 0, 4, 5.204375ms
27, 1, 0, 6, 129.159500ms
31, 1, 0, 86, 165.505084ms
32, 1, 0, 61, 139.494208ms
37, 1, 0, 14, 311.122750ms
30, 2, 1, 55417, 1.112782s
83, 1, 0, 31, 3.045870417s
29, 1, 0, 26, 107.812417ms
5, 1, 0, 3, 11.335083ms
75, 2, 1, 2063, 4.341053750s
52, 2, 1, 13905, 1.691360750s
26, 1, 0, 4, 106.353041ms
37, 2, 1, 30039, 1.380556209s
78, 2, 1, 13146, 4.966101166s
31, 3, 2, 73726, 4.376544375s
71, 2, 1, 9942, 3.929584750s
43, 2, 1, 49896, 1.292022583s
85, 1, 0, 5, 3.400733500s
73, 1, 0, 78, 2.032858833s
31, 1, 0, 7, 146.049542ms
26, 1, 0, 55, 89.156042ms
46, 2, 1, 46395, 1.116108250s
16, 1, 0, 95, 50.189958ms
29, 3, 1, 72055, 954.699625ms
93, 1, 0, 7, 3.379644792s
53, 3, 2, 1831132, 14.207746625s
14, 2, 0, 1285, 191.734625ms
30, 3, 1, 120759, 1.954785709s
29, 1, 0, 28, 228.662542ms
20, 1, 0, 13, 44.769334ms
69, 2, 1, 67463, 3.165047s
36, 2, 1, 2377, 487.794833ms
27, 2, 1, 18917, 1.249223334s
30, 2, 1, 53999, 1.775967250s
14, 1, 0, 111, 35.475083ms
8, 1, 0, 59, 13.388083ms
73, 2, 1, 59251, 3.398699s
8, 2, 1, 14929, 402.489209ms
42, 2, 0, 22, 1.050441042s
43, 2, 0, 2077, 1.282200875s
30, 1, 0, 8, 240.801833ms
14, 2, 1, 2787, 73.930417ms
41, 1, 0, 7, 401.366417ms
33, 1, 0, 47, 140.416375ms
19, 2, 1, 18452, 1.337511041s
78, 1, 0, 28, 2.020570916s
23, 1, 0, 47, 70.889958ms
72, 2, 1, 17668, 3.124994167s
39, 2, 1, 6549, 663.112667ms
80, 1, 0, 26, 1.976829541s
73, 1, 0, 4, 1.616582417s
17, 1, 0, 15, 41.152625ms
25, 2, 1, 20529, 626.177250ms
32, 2, 1, 29476, 624.689250ms
76, 1, 0, 4, 1.820440250s
33, 1, 0, 36, 239.876208ms
37, 1, 0, 26, 313.934625ms
53, 1, 0, 70, 745.095250ms
27, 2, 0, 240, 265.452500ms
46, 2, 1, 2868, 1.271096084s
26, 2, 1, 28347, 462.241083ms
36, 1, 0, 3, 268.568792ms
14, 1, 0, 8, 20.366458ms
23, 2, 1, 14589, 933.991250ms
38, 1, 0, 4, 283.023ms
15, 2, 1, 2252, 77.224625ms
17, 1, 0, 16, 44.928292ms
31, 1, 0, 2, 332.986375ms
43, 1, 0, 61, 472.569917ms
95, 3, 2, 57830719, 25.776675292s
49, 2, 1, 5456, 1.895216667s
33, 2, 1, 32191, 1.385721917s
41, 1, 0, 6, 368.437542ms
41, 2, 0, 231, 978.856500ms
21, 1, 0, 63, 49.906083ms
60, 1, 0, 58, 916.005958ms
15, 2, 1, 5070, 278.963916ms
74, 2, 0, 289, 5.018489292s
70, 2, 1, 60123, 3.178037667s
17, 1, 0, 59, 40.528833ms
51, 3, 1, 68503, 4.706108583s
28, 1, 0, 7, 125.117500ms
44, 1, 0, 11, 511.040583ms
24, 2, 0, 2660, 449.395ms
17, 2, 1, 17684, 1.148278209s
34, 1, 0, 4, 316.795959ms
35, 2, 1, 31956, 1.524964416s
27, 1, 0, 117, 127.818667ms
50, 2, 0, 1156, 1.806684s
37, 2, 1, 44278, 1.097566042s
35, 2, 0, 121, 784.134292ms
86, 2, 1, 89315, 6.008920958s
76, 1, 0, 20, 1.718719791s
36, 1, 0, 3, 200.352916ms
33, 1, 0, 2, 173.326500ms
43, 3, 2, 863387, 20.130144250s
66, 1, 0, 3, 1.569690166s
68, 2, 1, 57625, 3.839549042s
45, 2, 1, 52339, 1.132330375s
29, 1, 0, 11, 117.688750ms
56, 1, 0, 36, 757.977583ms
31, 2, 0, 1067, 602.727500ms
52, 1, 0, 15, 772.077209ms
33, 1, 0, 20, 143.947333ms
63, 2, 0, 841, 3.599403292s
67, 3, 2, 12696630, 17.949060041s
36, 1, 0, 27, 468.447542ms
55, 2, 1, 38678, 4.545649459s
35, 1, 0, 88, 264.059333ms
55, 2, 1, 33058, 3.185031042s
65, 3, 1, 248824, 25.316617958s
15, 2, 1, 8486, 292.385875ms
5, 1, 0, 35, 4.020916ms
49, 1, 0, 80, 462.271625ms
13, 1, 0, 15, 18.039791ms
63, 2, 0, 2914, 5.369692458s
39, 1, 0, 4, 469.472333ms
17, 3, 2, 2098301, 53.957553s
9, 2, 0, 3, 24.815958ms
9, 1, 0, 63, 16.790500ms
36, 1, 0, 3, 377.638875ms
75, 2, 0, 222, 7.375288708s
51, 2, 1, 27138, 2.260615958s
21, 1, 0, 69, 66.890416ms
12, 1, 0, 16, 16.134083ms
20, 2, 1, 15102, 1.472719416s
24, 2, 1, 19652, 1.793249041s
16, 2, 1, 12073, 180.351875ms
36, 3, 1, 54859, 1.818812500s
27, 1, 0, 8, 110.070625ms
55, 1, 0, 26, 753.669417ms
49, 1, 0, 56, 589.051958ms
42, 2, 1, 20691, 1.698113959s
57, 1, 0, 80, 812.301042ms
73, 1, 0, 15, 1.846504416s
33, 1, 0, 52, 363.349708ms
17, 1, 0, 66, 64.283875ms
31, 1, 0, 11, 163.494792ms
26, 1, 0, 63, 100.666833ms
8, 2, 1, 5195, 135.411500ms
65, 1, 0, 7, 1.369878542s
40, 2, 1, 4948, 1.415387916s
42, 1, 0, 37, 487.720209ms
20, 1, 0, 2, 61.195292ms
85, 1, 0, 3, 2.830888958s
54, 2, 1, 3676, 2.028431500s
17, 2, 1, 3972, 275.303500ms
10, 2, 0, 4095, 39.369750ms
27, 2, 1, 31012, 549.287083ms
56, 1, 0, 6, 936.858708ms
8, 1, 0, 47, 8.155917ms
23, 2, 1, 24794, 618.146584ms
41, 1, 0, 28, 284.117916ms
92, 1, 0, 38, 3.404029917s
59, 3, 2, 24778010, 48.326545042s
29, 1, 0, 7, 112.855083ms
41, 2, 1, 5128, 1.240998666s
8, 1, 0, 32, 8.605375ms
9, 1, 0, 90, 11.641458ms
16, 1, 0, 112, 170.710250ms
14, 2, 1, 163, 60.035417ms
40, 1, 0, 39, 288.717875ms
8, 2, 1, 3686, 72.728292ms
82, 1, 0, 14, 2.244279041s
67, 1, 0, 4, 1.683311209s
78, 1, 0, 20, 2.634252583s
27, 1, 0, 3, 107.567833ms
40, 2, 0, 1382, 1.202478834s
25, 1, 0, 14, 160.598375ms
35, 1, 0, 35, 419.119917ms
29, 1, 0, 75, 157.957834ms
42, 1, 0, 28, 609.072125ms
21, 2, 0, 4351, 558.118375ms
59, 1, 0, 49, 1.573917083s
17, 3, 2, 2240035, 10.139288958s
25, 2, 0, 146, 768.088875ms
70, 2, 1, 4222, 5.401670542s
89, 2, 1, 63703, 14.735556125s
8, 2, 1, 7244, 217.112416ms
44, 3, 2, 204177, 3.618110083s
28, 1, 0, 15, 107.206875ms
7, 1, 0, 11, 6.282875ms
18, 1, 0, 2, 34.396542ms
64, 1, 0, 38, 1.303267250s
29, 2, 1, 29379, 1.435801166s
18, 1, 0, 3, 55.233750ms
78, 2, 1, 64496, 7.219257833s
31, 2, 1, 20061, 701.792542ms
28, 1, 0, 33, 308.779166ms
59, 2, 1, 78685, 2.376771625s
12, 2, 1, 4715, 146.231125ms
36, 2, 1, 27955, 1.204200500s
62, 2, 0, 64, 3.368582833s
33, 2, 1, 2762, 427.280458ms
29, 1, 0, 33, 293.289458ms
27, 1, 0, 14, 119.998833ms
19, 1, 0, 64, 52.803667ms
83, 1, 0, 237, 2.283521458s
27, 2, 1, 39578, 1.827074166s
40, 2, 1, 1504, 707.510167ms
37, 3, 2, 5681724, 47.639364584s
45, 1, 0, 28, 548.981625ms
36, 1, 0, 78, 230.538166ms
32, 2, 1, 12456, 812.727250ms
94, 1, 0, 7, 3.777305s
56, 1, 0, 154, 880.082709ms
39, 1, 0, 2, 238.931292ms
62, 2, 1, 35826, 2.424078166s
41, 1, 0, 13, 481.558042ms
23, 1, 0, 82, 134.363583ms
24, 1, 0, 26, 227.334292ms
76, 1, 0, 29, 2.038882291s
41, 1, 0, 90, 626.286958ms
46, 2, 1, 29168, 2.703265209s
9, 1, 0, 2, 16.725667ms
27, 1, 0, 20, 138.529ms
19, 2, 1, 18998, 2.135366167s
14, 2, 1, 13963, 169.075958ms
66, 2, 1, 216106, 38.428622708s
18, 3, 2, 4105974, 1m 6.518137334s
31, 2, 1, 24452, 1.520459250s
83, 1, 0, 4, 3.748758s
32, 1, 0, 10, 185.410375ms
58, 1, 0, 33, 1.307120834s
77, 3, 2, 22229933, 1m 3.535957250s
7, 2, 1, 6192, 261.704833ms
34, 1, 0, 4, 162.333417ms
9, 1, 0, 46, 10.676917ms
12, 2, 1, 3118, 216.210792ms
49, 2, 1, 12514, 2.055164459s
22, 1, 0, 18, 89.445500ms
65, 1, 0, 88, 1.455920208s
27, 1, 0, 53, 129.456834ms
16, 2, 1, 887, 112.698334ms
18, 2, 1, 2590, 241.739166ms
36, 1, 0, 58, 435.103916ms
11, 2, 1, 362, 87.096041ms
16, 1, 0, 14, 68.363250ms
97, 1, 0, 90, 4.475249625s
20, 2, 1, 7361, 483.432500ms
89, 2, 0, 19, 11.373133500s
28, 3, 2, 9289358, 21.334062541s
23, 1, 0, 98, 96.342334ms
69, 2, 1, 85262, 5.222384083s
58, 2, 1, 91098, 4.444231375s
48, 2, 1, 82285, 4.463659209s
56, 2, 0, 335, 4.051051334s
7, 2, 1, 8302, 191.007917ms
35, 1, 0, 3, 461.224ms
62, 1, 0, 29, 1.626871791s
29, 2, 1, 2810, 654.598334ms
42, 1, 0, 13, 600.616208ms
63, 3, 2, 20663115, 1m 25.333913584s
34, 3, 2, 274048, 15.421255667s
74, 1, 0, 47, 2.388182792s
47, 1, 0, 28, 529.850875ms
9, 1, 0, 64, 10.582667ms
25, 1, 0, 64, 348.276625ms
24, 3, 2, 373626, 25.475537250s
71, 2, 1, 36386, 4.790432791s
41, 3, 2, 6573601, 1m 42.669305458s
10, 2, 1, 472, 86.554208ms
37, 1, 0, 101, 196.912375ms
34, 1, 0, 112, 297.046750ms
72, 1, 0, 71, 2.404115208s
19, 2, 1, 24546, 2.363617416s
29, 1, 0, 26, 273.041792ms
34, 3, 2, 879291, 42.026587667s
14, 3, 2, 1024069, 20.065874167s
66, 2, 1, 37107, 3.801683875s
76, 2, 0, 120, 7.920110667s
35, 2, 0, 85, 949.214625ms
12, 3, 2, 1349310, 7.258132s
42, 2, 0, 1020, 1.594749708s
24, 1, 0, 3, 139.914750ms
34, 1, 0, 83, 464.549375ms
51, 2, 0, 156, 2.738099208s
31, 1, 0, 12, 172.236958ms
36, 1, 0, 3, 575.058583ms
76, 2, 0, 897, 7.840660708s
71, 2, 1, 63518, 6.875009s
87, 2, 1, 67891, 7.737737958s
34, 1, 0, 94, 302.074292ms
32, 1, 0, 58, 486.435708ms
58, 1, 0, 34, 1.272090125s
78, 2, 1, 58763, 6.397766459s
22, 1, 0, 36, 118.592583ms
85, 1, 0, 8, 4.092173375s
20, 3, 2, 2155283, 10.294409791s
11, 1, 0, 2, 32.628958ms
51, 2, 1, 3301, 2.071006917s
45, 3, 1, 180311, 4.393559041s
40, 1, 0, 8, 483.160291ms
63, 1, 0, 63, 1.819007083s
36, 2, 0, 30, 1.067099375s
88, 2, 0, 274, 12.449812333s
22, 1, 0, 20, 96.936958ms
24, 1, 0, 46, 139.436084ms
30, 2, 1, 3564, 889.777ms
15, 1, 0, 32, 50.157459ms
51, 2, 1, 3714, 2.788571917s
84, 1, 0, 35, 4.294220333s
19, 2, 1, 11440, 817.621458ms
62, 1, 0, 34, 1.683809458s
23, 1, 0, 5, 107.11ms
22, 2, 1, 14867, 624.977500ms
31, 1, 0, 27, 319.313292ms
60, 3, 1, 560567, 12.904634750s
87, 3, 1, 3126013, 2m 32.186646542s
53, 1, 0, 38, 1.118786416s
85, 1, 0, 3, 4.028266584s
92, 2, 0, 320, 14.582482292s
95, 2, 1, 62227, 11.333157042s
20, 1, 0, 83, 96.834417ms
18, 3, 2, 72053, 4.517809250s
32, 2, 1, 27569, 898.071125ms
29, 2, 1, 4247, 635.287917ms
34, 1, 0, 109, 506.525708ms
15, 1, 0, 3, 23.510084ms
79, 1, 0, 16, 3.303310375s
36, 2, 1, 28036, 1.314500291s
42, 2, 1, 32482, 6.886638250s
50, 2, 0, 64, 3.219424167s
30, 1, 0, 115, 375.164958ms
22, 1, 0, 26, 99.675959ms
84, 1, 0, 64, 3.852929083s
15, 1, 0, 83, 92.120916ms
30, 2, 1, 18479, 1.440507750s
33, 1, 0, 40, 269.652583ms
13, 1, 0, 83, 41.002708ms
11, 2, 0, 40, 52.357958ms
65, 2, 1, 43194, 11.638092958s
46, 2, 1, 19563, 1.589543333s
19, 2, 1, 13341, 484.723708ms
39, 1, 0, 2, 220.825334ms
25, 2, 1, 13490, 462.146500ms
20, 2, 1, 2201, 194.782292ms
35, 1, 0, 38, 268.093791ms
55, 2, 1, 50842, 2.973199125s
28, 1, 0, 28, 130.114500ms
77, 1, 0, 23, 2.682246625s
13, 1, 0, 12, 18.050625ms
12, 1, 0, 26, 32.807875ms
20, 1, 0, 96, 282.309209ms
37, 2, 1, 27616, 4.366436625s
88, 3, 2, 16734099, 1m 2.900842500s
37, 2, 1, 20564, 836.116625ms
51, 1, 0, 5, 916.273958ms
31, 3, 2, 3708284, 1m 11.228968208s
63, 2, 1, 8766, 3.484409041s
6, 1, 0, 2, 11.618041ms
19, 1, 0, 143, 249.357417ms
75, 1, 0, 37, 3.085959708s
11, 2, 1, 7027, 415.293042ms
15, 2, 1, 6857, 406.281ms
89, 2, 1, 1781, 7.461566250s
31, 1, 0, 49, 337.519125ms
88, 2, 1, 5762, 7.594087s
27, 2, 1, 22314, 1.812162666s
35, 2, 0, 91, 1.220128416s
20, 1, 0, 57, 109.848042ms
94, 2, 1, 81020, 9.327272750s
36, 3, 2, 13084204, 37.215622250s
71, 2, 1, 58140, 4.440859834s
20, 1, 0, 28, 111.562791ms
37, 2, 0, 130, 1.372139084s
69, 2, 1, 54058, 8.629840125s
29, 1, 0, 14, 259.503ms
35, 2, 1, 5309, 824.089958ms
38, 1, 0, 82, 545.429333ms
25, 3, 2, 6835180, 39.707352375s
54, 2, 0, 1223, 3.570919625s
36, 1, 0, 58, 595.103500ms
37, 3, 1, 69824, 5.261138208s
25, 1, 0, 11, 146.232958ms
24, 1, 0, 76, 138.104167ms
15, 2, 1, 11283, 455.779958ms
46, 2, 1, 37720, 3.584958625s
34, 2, 1, 5863, 838.422334ms
95, 1, 0, 2, 5.497794334s
97, 1, 0, 70, 6.112843292s
60, 1, 0, 62, 1.590441917s
45, 2, 1, 30873, 1.675775708s
72, 1, 0, 26, 2.576274708s
58, 1, 0, 4, 1.220051583s
64, 2, 1, 59089, 4.243881708s
13, 1, 0, 78, 60.876792ms
8, 2, 1, 5195, 160.977583ms
28, 1, 0, 6, 258.665375ms
33, 1, 0, 20, 308.454334ms
42, 1, 0, 53, 601.854917ms
35, 3, 1, 21865, 2.151584375s
28, 2, 1, 6636, 325.247667ms
20, 1, 0, 37, 129.676541ms
44, 1, 0, 41, 653.783584ms
35, 1, 0, 29, 385.805625ms
12, 1, 0, 12, 190.943166ms
57, 1, 0, 28, 1.260205542s
78, 1, 0, 56, 3.111674375s
66, 2, 1, 24850, 4.076587417s
47, 2, 1, 12594, 3.400109625s
50, 1, 0, 7, 726.048417ms
93, 3, 2, 2808110, 57.644123875s
35, 1, 0, 40, 282.644542ms
29, 1, 0, 9, 167.102667ms
16, 1, 0, 10, 28.153458ms
16, 3, 2, 3553168, 7.552437375s
79, 1, 0, 29, 2.755702125s
12, 1, 0, 102, 48.606291ms
17, 1, 0, 41, 49.343083ms
68, 1, 0, 17, 2.071684125s
29, 1, 0, 36, 177.366542ms
51, 2, 1, 6811, 2.033725958s
18, 2, 1, 2748, 303.128667ms
72, 1, 0, 80, 2.076793125s
56, 3, 2, 11481040, 30.006269333s
30, 3, 1, 181234, 3.777992042s
12, 3, 2, 98281, 1.003285125s
30, 1, 0, 2, 369.808208ms
23, 2, 0, 311, 294.772458ms
34, 2, 1, 12707, 1.359401625s
29, 1, 0, 19, 150.810875ms
9, 3, 2, 97953, 1.477491542s
63, 1, 0, 8, 1.592255959s
30, 3, 2, 57774, 4.770641291s
36, 1, 0, 81, 302.056834ms
44, 3, 2, 1157505, 16.187789958s
13, 1, 0, 68, 36.778417ms
22, 1, 0, 85, 123.585708ms
11, 1, 0, 17, 14.383458ms
16, 2, 1, 5591, 439.536542ms
13, 3, 2, 198316, 2.234476292s
36, 1, 0, 79, 288.940459ms
86, 1, 0, 121, 3.454420833s
61, 2, 1, 78395, 7.825835959s
86, 1, 0, 9, 3.186705208s
28, 2, 1, 2801, 797.417042ms
53, 2, 1, 107048, 14.966182333s
25, 1, 0, 94, 160.864209ms
25, 1, 0, 31, 166.478625ms
33, 2, 1, 1422, 956.898875ms
28, 2, 1, 13620, 807.042ms
77, 1, 0, 58, 3.465173083s
97, 1, 0, 13, 5.851998709s
11, 3, 2, 1144472, 24.284925791s
39, 1, 0, 28, 609.007500ms
74, 2, 1, 83536, 5.773341375s
33, 3, 2, 1564362, 28.169363875s
21, 2, 1, 3035, 273.145916ms
25, 1, 0, 34, 165.449459ms
36, 1, 0, 2, 477.333292ms
68, 2, 1, 34167, 4.428125292s
16, 1, 0, 10, 39.394834ms
43, 1, 0, 49, 556.582916ms
29, 3, 1, 72055, 1.559003s
37, 1, 0, 13, 442.216ms
39, 2, 1, 24754, 1.371933667s
50, 1, 0, 76, 774.165125ms
95, 1, 0, 80, 5.399532083s
18, 3, 2, 450595, 12.889998083s
98, 1, 0, 49, 6.025879416s
89, 3, 2, 64028789, 3m 19.336716875s
27, 1, 0, 3, 88.720292ms
4, 1, 0, 46, 3.161708ms
32, 1, 0, 11, 340.728959ms
31, 3, 1, 178497, 7.851942208s
18, 1, 0, 31, 105.508292ms
33, 2, 1, 20442, 964.875375ms
10, 1, 0, 58, 68.063667ms
29, 1, 0, 15, 158.270292ms
35, 1, 0, 4, 291.515875ms
13, 2, 1, 6609, 426.991375ms
35, 2, 1, 36728, 1.515065041s
33, 2, 0, 222, 926.569666ms
17, 1, 0, 58, 192.288708ms
83, 2, 1, 46073, 12.838802s
88, 2, 1, 5772, 12.368564042s
11, 1, 0, 32, 18.321167ms
26, 2, 1, 47726, 2.156142958s
24, 1, 0, 30, 321.149541ms
87, 3, 2, 70370367, 1m 36.503530375s
44, 2, 0, 628, 1.999927250s
77, 2, 1, 66291, 6.123038916s
22, 1, 0, 19, 56.243250ms
57, 1, 0, 8, 1.614646708s
67, 2, 1, 71018, 7.176777042s
34, 2, 1, 22259, 1.216804083s
30, 1, 0, 102, 294.179041ms
69, 2, 0, 32, 8.884916042s
9, 2, 1, 1362, 455.778459ms
63, 1, 0, 7, 2.624780417s
26, 1, 0, 47, 160.987458ms
24, 1, 0, 12, 137.828375ms
92, 2, 1, 1819, 13.558533208s
77, 2, 0, 1630, 12.074040542s
40, 1, 0, 4, 886.994291ms
44, 2, 1, 7314, 2.424799125s
26, 1, 0, 46, 237.925167ms
25, 1, 0, 58, 156.586583ms
59, 2, 1, 2051, 4.503563208s
31, 1, 0, 5, 360.787667ms
27, 2, 1, 26257, 1.358161125s
43, 2, 0, 397, 2.166067916s
17, 3, 2, 524593, 4.385395791s
21, 1, 0, 99, 293.409208ms
26, 1, 0, 4, 95.143542ms
15, 1, 0, 2, 35.964042ms
53, 1, 0, 28, 1.406700500s
37, 2, 1, 36644, 1.645432541s
88, 1, 0, 19, 5.096677s
50, 2, 1, 6160, 2.489209250s
72, 1, 0, 21, 2.822089792s
41, 2, 1, 22695, 2.524653458s
22, 2, 1, 884, 185.904958ms
31, 3, 2, 7766430, 3m 9.031830s
15, 1, 0, 89, 44.496166ms
70, 3, 2, 314048, 42.874525584s
89, 2, 1, 4407, 8.691315541s
5, 1, 0, 41, 4.277ms
26, 3, 1, 18958, 575.016917ms
69, 2, 0, 28, 5.779272542s
71, 1, 0, 3, 1.702676417s
51, 2, 0, 1156, 2.025552041s
38, 3, 2, 1567762, 5.019092750s
66, 1, 0, 69, 1.348331416s
57, 1, 0, 35, 853.085208ms
33, 1, 0, 38, 322.622042ms
48, 2, 0, 555, 1.780638s
33, 2, 1, 15173, 750.131958ms
12, 1, 0, 61, 17.005375ms
40, 1, 0, 82, 272.449667ms
86, 2, 1, 4522, 5.836551542s
31, 1, 0, 9, 126.419542ms
93, 3, 0, 65926, 36.741972625s
64, 2, 1, 33980, 2.862720542s
53, 2, 1, 24449, 2.672892708s
17, 1, 0, 7, 31.348334ms
42, 1, 0, 7, 545.001583ms
94, 2, 1, 4845, 8.616826250s
72, 1, 0, 8, 2.087554458s
20, 3, 2, 3909452, 15.893380292s
37, 3, 1, 180646, 5.400839625s
76, 2, 0, 6395, 8.233961708s
43, 1, 0, 38, 607.307334ms
25, 1, 0, 58, 373.176250ms
34, 1, 0, 9, 362.794500ms
30, 2, 1, 28123, 945.196375ms
28, 3, 2, 2062680, 11.011971125s
54, 1, 0, 52, 1.300222292s
45, 1, 0, 7, 852.129916ms
48, 3, 1, 1730888, 1m 23.456347917s
49, 2, 1, 38387, 1.909712167s
62, 2, 1, 55628, 4.079435709s
82, 2, 1, 123529, 7.901097334s
19, 1, 0, 86, 116.948125ms
35, 1, 0, 3, 364.590792ms
39, 2, 1, 15518, 2.338122042s
28, 3, 2, 91010, 10.677934833s
30, 1, 0, 19, 165.550459ms
70, 3, 2, 6947754, 1m 23.000490500s
48, 1, 0, 36, 545.476125ms
25, 2, 1, 2986, 440.887584ms
11, 3, 1, 28715, 547.818834ms
68, 2, 0, 49, 6.864275750s
15, 3, 0, 262015, 427.067500ms
31, 3, 0, 11547, 2.780514459s
16, 2, 1, 439, 169.019750ms
82, 1, 0, 9, 4.189365958s
28, 1, 0, 101, 419.359625ms
37, 1, 0, 15, 336.789458ms
40, 2, 1, 29746, 1.764283916s
34, 1, 0, 18, 396.169250ms
32, 1, 0, 35, 154.997417ms
39, 1, 0, 8, 598.660791ms
36, 1, 0, 35, 284.324167ms
33, 2, 0, 5310, 1.378305750s
28, 2, 1, 10537, 875.423708ms
16, 1, 0, 63, 51.483709ms
28, 2, 1, 13457, 647.383875ms
18, 1, 0, 46, 90.321833ms
42, 1, 0, 6, 454.598542ms
97, 3, 1, 26397, 28.749089042s
31, 2, 1, 33002, 1.225750834s
85, 1, 0, 59, 3.663250750s
32, 1, 0, 55, 181.022417ms
7, 2, 1, 6750, 258.485917ms
22, 1, 0, 19, 110.504750ms
15, 1, 0, 2, 42.527667ms
76, 1, 0, 26, 2.714475584s
39, 2, 1, 41304, 3.595554917s
29, 2, 1, 27044, 796.401125ms
30, 2, 1, 18263, 2.015404667s
23, 1, 0, 16, 140.218375ms
33, 1, 0, 12, 387.541833ms
10, 2, 1, 1829, 61.226542ms
14, 1, 0, 11, 52.924083ms
17, 1, 0, 7, 41.473583ms
10, 2, 1, 5881, 179.355917ms
21, 1, 0, 23, 82.995417ms
19, 1, 0, 14, 109.183292ms
47, 1, 0, 34, 615.604ms
13, 1, 0, 48, 23.712084ms
24, 1, 0, 7, 360.247416ms
28, 1, 0, 122, 157.315125ms
23, 2, 1, 14586, 347.747541ms
52, 1, 0, 2, 983.898083ms
81, 1, 0, 35, 3.383238083s
81, 2, 1, 89843, 7.132185292s
67, 1, 0, 7, 2.485264333s
38, 1, 0, 2, 1.884997833s
33, 1, 0, 28, 627.059625ms
64, 1, 0, 58, 3.514330416s
31, 1, 0, 102, 313.627792ms
36, 1, 0, 33, 537.802417ms
24, 2, 0, 397, 536.939584ms
88, 1, 0, 4, 5.695875083s
41, 1, 0, 4, 821.795458ms
73, 3, 2, 7661113, 35.787414666s
45, 1, 0, 15, 1.076194375s
25, 3, 2, 4855540, 28.420093292s
26, 3, 2, 552551, 10.327657792s
50, 3, 1, 182108, 12.172417167s
26, 2, 1, 22749, 1.119767583s
88, 2, 1, 47697, 17.184109208s
83, 2, 1, 74637, 10.088055250s
11, 2, 1, 8319, 548.513292ms
24, 2, 1, 6398, 515.305417ms
61, 1, 0, 4, 2.031481417s
13, 1, 0, 46, 88.583583ms
19, 1, 0, 16, 82.658417ms
20, 1, 0, 20, 127.603ms
62, 2, 0, 473, 6.646073541s
17, 2, 1, 7346, 322.709167ms
71, 1, 0, 8, 3.088480416s
71, 2, 1, 30657, 6.725346417s
32, 2, 1, 2037, 836.903292ms
23, 1, 0, 115, 179.417083ms
78, 1, 0, 102, 3.857460750s
41, 2, 0, 18, 2.084345s
20, 2, 1, 31128, 3.798703166s
25, 2, 0, 52, 364.559ms
26, 2, 1, 54, 301.470708ms
23, 1, 0, 11, 117.901916ms
29, 2, 1, 17651, 506.685250ms
44, 1, 0, 9, 810.680083ms
4, 1, 0, 8, 2.706291ms
25, 1, 0, 3, 362.457625ms
52, 2, 1, 10489, 2.350488500s
54, 1, 0, 34, 1.240405167s
25, 1, 0, 2, 108.819041ms
28, 1, 0, 8, 149.288667ms
35, 1, 0, 70, 620.928292ms
38, 1, 0, 14, 614.902625ms
56, 1, 0, 26, 1.622600292s
17, 2, 1, 11000, 221.900625ms
53, 1, 0, 79, 1.059003167s
49, 1, 0, 2, 884.991917ms
74, 1, 0, 7, 2.396653334s
99, 3, 2, 31844218, 2m 17.716623125s
28, 1, 0, 17, 375.600208ms
53, 1, 0, 40, 977.740500ms
54, 1, 0, 102, 1.087859208s
20, 1, 0, 40, 62.553666ms
12, 1, 0, 37, 234.872375ms
28, 3, 0, 6648, 1.470591s
8, 2, 1, 5195, 112.288709ms
28, 1, 0, 64, 221.888416ms
88, 1, 0, 7, 4.539519750s
40, 2, 1, 24180, 2.176704708s
27, 1, 0, 27, 233.648958ms
95, 1, 0, 50, 5.719382875s
33, 1, 0, 81, 471.111250ms
40, 3, 2, 1895407, 10.008245083s
19, 3, 1, 24475, 1.374490041s
30, 1, 0, 4, 258.625041ms
27, 1, 0, 41, 174.140209ms
45, 1, 0, 2, 774.861958ms
41, 2, 1, 21634, 1.374635334s
55, 2, 1, 42852, 2.907329500s
46, 1, 0, 34, 699.928250ms
80, 2, 1, 14924, 6.848995791s
50, 1, 0, 35, 1.235803416s
10, 2, 1, 6271, 489.276500ms
60, 2, 1, 56666, 5.516723584s
82, 1, 0, 35, 5.345648917s
52, 1, 0, 289, 1.652049834s
48, 1, 0, 8, 1.030151583s
37, 3, 2, 13333940, 48.190196417s
25, 1, 0, 113, 207.384250ms
79, 1, 0, 47, 3.254873208s
19, 1, 0, 66, 83.123417ms
89, 1, 0, 5, 5.041053166s
45, 1, 0, 37, 716.882708ms
78, 3, 2, 277626, 33.814855875s
40, 1, 0, 3, 500.645541ms
16, 1, 0, 28, 35.220834ms
24, 1, 0, 43, 183.704ms
49, 2, 1, 37249, 5.636295s
29, 3, 2, 1168007, 1m 38.514210208s
64, 1, 0, 78, 1.177223541s
27, 1, 0, 35, 106.579833ms
26, 2, 1, 31592, 447.331375ms
17, 1, 0, 88, 67.074042ms
15, 1, 0, 79, 49.109417ms
34, 2, 1, 35360, 1.233827292s
12, 2, 1, 2861, 95.921666ms
32, 3, 2, 7162021, 5m 27.678910750s
24, 1, 0, 27, 120.114042ms
32, 1, 0, 80, 286.385792ms
16, 1, 0, 37, 51.070083ms
10, 1, 0, 41, 32.107791ms
39, 1, 0, 63, 419.561750ms
17, 1, 0, 72, 52.917208ms
21, 3, 2, 825779, 20.120976167s
55, 1, 0, 102, 1.620019208s
26, 1, 0, 102, 335.418167ms
35, 1, 0, 86, 239.976334ms
9, 2, 1, 159, 49.701667ms
96, 1, 0, 43, 4.711352250s
40, 1, 0, 8, 619.767167ms
30, 1, 0, 33, 195.055500ms
63, 2, 1, 10695, 2.665977500s
34, 3, 2, 10010353, 39.025058875s
25, 1, 0, 11, 138.215708ms
26, 1, 0, 102, 96.309292ms
34, 2, 1, 14302, 2.482117958s
21, 1, 0, 91, 79.263500ms
26, 1, 0, 7, 289.592042ms
23, 3, 2, 1583408, 41.772569375s
14, 1, 0, 48, 23.140292ms
26, 2, 1, 3696, 544.816417ms
47, 1, 0, 58, 621.111834ms
68, 2, 1, 85236, 3.954719750s
14, 1, 0, 58, 24.289292ms
34, 3, 0, 165, 1.512103209s
14, 1, 0, 23, 22.862958ms
15, 2, 1, 18468, 156.460500ms
52, 2, 1, 44712, 2.197974917s
23, 1, 0, 10, 73.440875ms
24, 1, 0, 47, 228.501750ms
15, 1, 0, 19, 46.825750ms
65, 2, 1, 88978, 3.456114916s
96, 1, 0, 8, 3.325789167s
16, 2, 1, 1704, 92.604625ms
8, 2, 1, 12442, 117.120500ms
43, 1, 0, 65, 345.912625ms
41, 3, 2, 1036751, 47.190011417s
39, 2, 1, 32449, 1.227547209s
29, 1, 0, 29, 148.626583ms
20, 2, 1, 24317, 1.054313625s
49, 2, 1, 40860, 2.758815792s
38, 2, 0, 68, 982.135042ms
37, 2, 1, 35876, 964.016333ms
77, 2, 1, 6441, 4.030100500s
55, 3, 2, 11137630, 5m 28.834719041s
20, 1, 0, 13, 183.278458ms
18, 1, 0, 10, 42.384458ms
59, 2, 1, 2192, 1.910517750s
34, 1, 0, 3, 164.872666ms
48, 1, 0, 96, 438.097667ms
86, 2, 1, 4109, 5.703802708s
84, 1, 0, 4, 2.421848916s
28, 1, 0, 139, 119.617166ms
43, 1, 0, 38, 471.228709ms
18, 2, 1, 17031, 227.343625ms
15, 1, 0, 5, 45.011292ms
45, 2, 1, 2880, 1.286870667s
13, 3, 2, 3663628, 27.893198875s
60, 1, 0, 46, 1.203946333s
19, 1, 0, 62, 69.019125ms
11, 1, 0, 14, 136.889833ms
52, 2, 1, 2012, 1.738082375s
36, 2, 1, 21298, 780.741959ms
26, 2, 1, 10492, 1.054161958s
66, 1, 0, 58, 1.422870875s
28, 2, 1, 16348, 2.230266625s
22, 1, 0, 19, 112.171084ms
18, 1, 0, 37, 151.479750ms
16, 3, 2, 363587, 6.036094375s
74, 1, 0, 5, 1.998792292s
61, 1, 0, 41, 1.255309209s
24, 2, 1, 9035, 207.045416ms
32, 3, 2, 2753832, 8.512925208s
50, 1, 0, 11, 737.210459ms
44, 3, 2, 9426605, 24.496202041s
76, 1, 0, 7, 2.289146209s
16, 2, 0, 6, 117.628333ms
39, 3, 0, 1681, 2.488863375s
30, 2, 0, 14, 634.839542ms
21, 2, 1, 13143, 428.835125ms
42, 2, 1, 42868, 1.073475125s
15, 1, 0, 29, 28.635ms
26, 2, 1, 11273, 933.299541ms
77, 2, 1, 68403, 4.599655084s
22, 1, 0, 80, 99.704834ms
82, 2, 1, 79680, 5.206539042s
13, 1, 0, 27, 32.202042ms
20, 1, 0, 13, 75.081625ms
18, 3, 2, 473850, 4.888473041s
61, 1, 0, 4, 1.497586500s
67, 2, 1, 87097, 3.863804209s
57, 1, 0, 35, 1.459616958s
19, 1, 0, 15, 78.470459ms
55, 2, 1, 49331, 2.441803541s
25, 2, 1, 19289, 607.980667ms
65, 1, 0, 2, 1.965099416s
55, 1, 0, 13, 1.195266s
20, 1, 0, 2, 75.725750ms
20, 1, 0, 68, 97.702209ms
37, 1, 0, 18, 393.185125ms
16, 2, 1, 2056, 102.145458ms
11, 2, 1, 1460, 118.962125ms
11, 1, 0, 39, 30.927459ms
10, 2, 1, 1277, 235.316333ms
16, 2, 1, 11308, 884.004791ms
21, 2, 0, 16, 270.058334ms
16, 2, 1, 16821, 982.561792ms
44, 1, 0, 109, 709.613042ms
67, 2, 1, 55129, 7.585836375s
53, 2, 0, 38, 2.563284s
25, 2, 1, 2250, 245.819625ms
23, 2, 1, 23640, 1.113777708s
32, 1, 0, 64, 172.298583ms
29, 2, 1, 3131, 668.931416ms
30, 1, 0, 37, 154.955084ms
97, 3, 1, 24091, 20.838710875s
70, 1, 0, 35, 1.748127708s
48, 1, 0, 106, 724.093583ms
20, 1, 0, 88, 67.078917ms
41, 2, 1, 50199, 1.673413s
40, 2, 0, 288, 1.185847166s
45, 1, 0, 102, 599.013875ms
73, 3, 2, 32731442, 1m 0.328734459s
31, 2, 1, 57199, 788.017625ms
36, 1, 0, 55, 377.454667ms
22, 1, 0, 2, 56.020250ms
29, 1, 0, 88, 133.506209ms
4, 2, 1, 525, 10.842375ms
78, 1, 0, 35, 2.337161750s
28, 2, 1, 13610, 429.803416ms
51, 2, 0, 3069, 2.295543s
40, 3, 1, 22984, 2.967303625s
29, 2, 1, 4045, 326.708ms
38, 3, 2, 3692891, 16.006773708s
63, 2, 1, 56345, 2.870315500s
69, 1, 0, 6, 1.677988583s
34, 2, 1, 53381, 4.599661667s
33, 1, 0, 4, 210.327375ms
52, 1, 0, 4, 855.017583ms
18, 3, 2, 1147019, 11.856875958s
71, 2, 0, 3, 5.162577375s
26, 3, 1, 46098, 1.361051250s
37, 3, 2, 3735747, 3m 43.708192s
35, 3, 2, 8479370, 51.130568958s
27, 2, 1, 10938, 582.890708ms
52, 1, 0, 40, 1.056043709s
27, 1, 0, 2, 287.692959ms
53, 1, 0, 11, 797.940917ms
53, 2, 1, 48066, 2.584766417s
43, 3, 1, 116944, 4.533673709s
58, 1, 0, 38, 1.289412917s
10, 3, 2, 905170, 17.115705833s
11, 1, 0, 13, 20.136583ms
29, 3, 1, 72055, 2.121274166s
11, 1, 0, 7, 18.107541ms
28, 1, 0, 2, 214.888917ms
35, 1, 0, 41, 418.000875ms
16, 1, 0, 68, 82.425625ms
37, 1, 0, 29, 626.588875ms
30, 1, 0, 52, 332.397458ms
72, 2, 1, 50163, 5.668512791s
38, 1, 0, 15, 606.025208ms
38, 1, 0, 6, 565.691166ms
36, 1, 0, 12, 405.445125ms
23, 2, 1, 24321, 989.232167ms
27, 1, 0, 47, 263.635250ms
21, 1, 0, 3, 287.796667ms
25, 1, 0, 28, 245.550083ms
19, 1, 0, 38, 65.068041ms
53, 2, 0, 7, 3.773722458s
21, 1, 0, 3, 104.972791ms
12, 1, 0, 35, 58.846917ms
35, 1, 0, 40, 579.136375ms
12, 2, 0, 2126, 134.216500ms
87, 1, 0, 3, 4.455835959s
69, 1, 0, 82, 2.456920042s
10, 3, 2, 243005, 8.627144125s
23, 2, 1, 1645, 249.449709ms
33, 2, 1, 9560, 1.458611083s
43, 1, 0, 26, 558.904917ms
13, 1, 0, 4, 18.376375ms
24, 1, 0, 7, 99.305666ms
18, 1, 0, 64, 38.049417ms
70, 3, 1, 31564, 13.667270584s
34, 2, 0, 1836, 802.898875ms
76, 3, 0, 117936, 19.083794541s
51, 1, 0, 67, 1.046234208s
19, 2, 1, 4523, 431.755125ms
73, 1, 0, 28, 2.590478916s
55, 1, 0, 15, 1.155034500s
20, 1, 0, 92, 223.703959ms
27, 1, 0, 5, 293.903083ms
39, 1, 0, 38, 391.898250ms
27, 2, 0, 389, 636.440917ms
18, 1, 0, 8, 219.658167ms
88, 2, 1, 107498, 9.127412792s
56, 2, 1, 44182, 5.517368250s
95, 2, 0, 961, 16.025139542s
41, 2, 1, 4713, 1.747005542s
41, 2, 0, 3845, 1.675242834s
94, 3, 2, 64472605, 7m 23.980918083s
12, 1, 0, 36, 16.963542ms
31, 1, 0, 2, 272.627708ms
48, 2, 1, 23195, 2.529547209s
39, 2, 0, 36, 1.428113291s
11, 1, 0, 8, 22.852875ms
23, 1, 0, 27, 96.167375ms
46, 2, 1, 20691, 4.387966666s
14, 2, 0, 894, 243.359917ms
76, 1, 0, 3, 2.848397333s
12, 1, 0, 39, 17.290750ms
31, 1, 0, 5, 194.944334ms
19, 1, 0, 102, 91.099792ms
9, 3, 2, 647530, 10.778931708s
17, 1, 0, 45, 54.895292ms
18, 1, 0, 15, 36.507708ms
11, 3, 2, 1151495, 29.252129542s
19, 2, 1, 11026, 377.784666ms
16, 1, 0, 2, 27.920500ms
52, 1, 0, 82, 824.693333ms
43, 1, 0, 35, 526.872083ms
22, 2, 0, 166, 336.227833ms
32, 1, 0, 63, 175.988542ms
27, 2, 1, 31741, 2.528546500s
58, 2, 1, 35024, 2.489867417s
50, 2, 0, 2401, 2.526680209s
25, 2, 1, 19459, 843.459541ms
38, 1, 0, 5, 548.196417ms
43, 1, 0, 28, 550.282334ms
51, 1, 0, 5, 996.570917ms
96, 1, 0, 102, 5.289001333s
16, 2, 1, 13859, 563.992542ms
86, 1, 0, 77, 4.366993s
78, 3, 2, 26113548, 1m 28.754306125s
50, 2, 1, 60321, 5.670174958s
9, 2, 1, 3550, 113.221166ms
91, 2, 1, 19714, 9.602597250s
72, 2, 0, 276, 7.745369583s
51, 2, 0, 20, 2.742334875s
70, 2, 1, 29635, 4.871611625s
56, 2, 1, 4184, 3.241490792s
94, 2, 1, 30367, 12.661433666s
26, 1, 0, 86, 191.533ms
40, 1, 0, 4, 354.276250ms
38, 1, 0, 48, 220.877209ms
50, 1, 0, 64, 764.290542ms
63, 2, 1, 9365, 2.607226084s
35, 1, 0, 28, 248.143458ms
17, 1, 0, 78, 60.583792ms
13, 1, 0, 7, 18.946209ms
42, 3, 0, 48, 2.866493708s
13, 2, 1, 1950, 58.855750ms
40, 2, 1, 19920, 1.454496875s
15, 2, 0, 758, 83.771250ms
46, 3, 2, 10765001, 42.003195625s
19, 1, 0, 5, 67.416ms
21, 1, 0, 82, 115.155833ms
33, 1, 0, 38, 219.921166ms
38, 1, 0, 11, 530.529875ms
25, 1, 0, 6, 152.746542ms
63, 2, 1, 54393, 3.777371625s
40, 2, 0, 16, 1.396709958s
43, 2, 1, 24367, 1.303711125s
25, 1, 0, 66, 230.193791ms
14, 1, 0, 34, 24.145584ms
23, 2, 1, 19076, 2.379454625s
69, 3, 1, 689287, 27.878653125s
37, 1, 0, 167, 305.913958ms
29, 1, 0, 36, 187.370500ms
11, 1, 0, 13, 18.204209ms
45, 2, 1, 28936, 1.919289875s
12, 1, 0, 3, 33.116208ms
49, 2, 1, 1395, 1.420853042s
47, 2, 1, 33402, 1.946119792s
43, 3, 1, 131806, 9.991651084s
19, 2, 1, 12507, 361.871584ms
62, 2, 1, 15802, 4.034726667s
33, 1, 0, 57, 485.814750ms
17, 1, 0, 66, 100.159958ms
22, 1, 0, 14, 127.136625ms
35, 2, 0, 339, 1.259665125s
30, 2, 1, 1262, 736.068083ms
34, 1, 0, 59, 332.777333ms
57, 1, 0, 8, 1.547361334s
57, 1, 0, 53, 1.445164334s
31, 1, 0, 99, 273.593167ms
99, 1, 0, 13, 6.314884083s
82, 3, 0, 71952, 22.272981250s
18, 1, 0, 8, 69.325ms
32, 2, 1, 548, 726.884500ms
17, 1, 0, 58, 76.225166ms
9, 1, 0, 16, 29.830042ms
53, 1, 0, 10, 1.450043333s
77, 3, 2, 5541437, 1m 18.738091250s
11, 2, 1, 1460, 75.075167ms
32, 2, 1, 55669, 1.495537792s
27, 2, 1, 27139, 1.562326s
18, 1, 0, 15, 69.250167ms
26, 1, 0, 64, 199.316750ms
49, 1, 0, 7, 922.143458ms
47, 2, 0, 559, 2.463340416s
17, 1, 0, 8, 66.973625ms
41, 1, 0, 4, 612.191417ms
69, 2, 1, 114891, 5.718506125s
23, 1, 0, 2, 135.52ms
35, 1, 0, 11, 486.468959ms
10, 1, 0, 56, 12.928750ms
10, 3, 2, 1043338, 27.428032916s
19, 2, 0, 1301, 410.789083ms
23, 2, 1, 2830, 396.215209ms
21, 1, 0, 78, 120.575542ms
38, 1, 0, 63, 581.827625ms
33, 3, 0, 212, 2.151482542s
47, 3, 2, 19502165, 1m 26.541010s
33, 1, 0, 32, 458.511416ms
38, 2, 1, 27623, 2.053817250s
41, 1, 0, 67, 471.651875ms
42, 1, 0, 84, 730.641583ms
19, 1, 0, 62, 121.135750ms
42, 1, 0, 4, 665.600459ms
9, 1, 0, 46, 43.353292ms
82, 3, 1, 206450, 19.059917292s
21, 1, 0, 56, 74.150416ms
20, 1, 0, 11, 119.242250ms
65, 2, 1, 3804, 4.411441666s
16, 1, 0, 49, 59.927917ms
38, 1, 0, 31, 456.616791ms
77, 1, 0, 15, 2.956291208s
73, 1, 0, 7, 2.807902917s
41, 1, 0, 8, 579.128542ms
26, 1, 0, 56, 170.764375ms
24, 3, 1, 91102, 818.611125ms
26, 2, 1, 3152, 851.156209ms
27, 3, 2, 2655775, 19.483366791s
14, 2, 1, 7998, 137.963666ms
49, 1, 0, 111, 872.784833ms
19, 2, 1, 9522, 312.198625ms
15, 1, 0, 59, 26.667208ms
53, 2, 1, 54284, 2.970779709s
36, 1, 0, 11, 387.325834ms
61, 1, 0, 4, 1.778098250s
75, 3, 1, 402305, 1m 2.233611041s
16, 1, 0, 37, 30.148375ms
67, 1, 0, 46, 2.222035s
71, 1, 0, 49, 2.680865416s
31, 1, 0, 14, 254.122542ms
18, 1, 0, 6, 110.301875ms
19, 1, 0, 56, 94.713708ms
42, 1, 0, 79, 502.695ms
33, 1, 0, 148, 449.262833ms
5, 1, 0, 22, 3.811334ms
66, 1, 0, 22, 2.095408542s
53, 1, 0, 28, 1.073870375s
20, 1, 0, 7, 103.297125ms
39, 2, 1, 770, 1.260418750s
9, 2, 1, 6021, 185.604959ms
37, 2, 1, 1788, 1.070241416s
8, 1, 0, 58, 25.309083ms
46, 3, 2, 2574607, 21.720643416s
19, 1, 0, 28, 194.347833ms
82, 1, 0, 51, 4.009227083s
81, 1, 0, 83, 3.489977041s
19, 1, 0, 39, 64.181375ms
45, 2, 1, 29875, 1.446020208s
60, 3, 1, 17834, 8.630770792s
74, 1, 0, 7, 3.061733834s
12, 3, 1, 279347, 7.573222666s
40, 1, 0, 16, 313.709708ms
33, 2, 0, 733, 805.929500ms
24, 1, 0, 17, 140.848500ms
27, 1, 0, 8, 85.414916ms
38, 2, 1, 8193, 1.386861042s
23, 3, 2, 427206, 16.894639708s
39, 1, 0, 37, 486.771ms
64, 3, 1, 1091495, 48.724848833s
35, 1, 0, 146, 397.850875ms
18, 2, 1, 947, 143.912417ms
21, 1, 0, 11, 60.152083ms
73, 1, 0, 41, 1.961358041s
28, 2, 1, 4675, 585.633833ms
43, 1, 0, 15, 595.555750ms
18, 1, 0, 7, 52.449541ms
30, 2, 1, 23798, 753.449416ms
70, 1, 0, 35, 2.131858625s
34, 1, 0, 144, 238.842167ms
13, 1, 0, 34, 27.765750ms
25, 3, 1, 462391, 3.731655375s
36, 2, 1, 37644, 1.250656958s
84, 2, 1, 1286, 6.036136917s
11, 1, 0, 25, 14.059667ms
71, 1, 0, 32, 1.630301583s
8, 1, 0, 10, 12.764042ms
15, 1, 0, 8, 52.155083ms
30, 2, 1, 19989, 719.685667ms
71, 1, 0, 4, 1.926666959s
27, 2, 1, 22707, 667.315042ms
58, 1, 0, 34, 1.103908958s
61, 3, 1, 728118, 13.764467583s
30, 1, 0, 26, 203.647208ms
14, 1, 0, 26, 40.037625ms
82, 1, 0, 210, 2.904997s
22, 1, 0, 66, 105.657708ms
46, 2, 1, 29499, 1.643758584s
44, 1, 0, 8, 706.962708ms
23, 2, 1, 3013, 247.066333ms
10, 1, 0, 16, 30.048917ms
46, 1, 0, 4, 657.261333ms
72, 2, 1, 36718, 4.824366375s
46, 1, 0, 15, 685.951291ms
28, 2, 1, 38279, 1.677314125s
67, 3, 2, 3640486, 1m 17.975379667s
97, 2, 1, 12049, 9.527421959s
63, 2, 1, 2114, 3.062013125s
63, 2, 0, 54, 5.605371s
10, 2, 0, 754, 83.971333ms
28, 3, 2, 3242461, 11.053999500s
27, 2, 0, 384, 602.164334ms
26, 2, 1, 3012, 524.200458ms
9, 2, 1, 1601, 48.848916ms
51, 3, 2, 101926, 8.857277500s
45, 2, 1, 7204, 2.542026083s
24, 1, 0, 5, 118.748292ms
23, 2, 1, 8614, 650.152875ms
47, 1, 0, 43, 833.358584ms
33, 2, 1, 4900, 855.131792ms
56, 1, 0, 2, 1.486776208s
29, 1, 0, 57, 224.289166ms
30, 2, 0, 2078, 1.155141917s
88, 2, 0, 185, 13.793317s
54, 3, 1, 91740, 11.296414458s
16, 1, 0, 34, 62.706833ms
22, 3, 2, 3068263, 34.675805167s
18, 2, 1, 15379, 519.574250ms
29, 1, 0, 3, 230.855625ms
21, 2, 1, 2517, 508.485875ms
15, 3, 2, 2499221, 1m 41.894852167s
21, 2, 0, 841, 324.878542ms
35, 1, 0, 211, 467.300333ms
13, 1, 0, 81, 44.604250ms
89, 2, 1, 24243, 9.190439s
48, 1, 0, 10, 864.716334ms
67, 2, 1, 61284, 5.053675250s
64, 3, 2, 6120523, 38.903444916s
29, 2, 1, 28516, 2.326014084s
37, 2, 0, 2357, 1.656076083s
64, 2, 1, 76746, 7.486594334s
29, 2, 1, 17422, 1.114948667s
65, 1, 0, 7, 1.937368958s
76, 3, 1, 1088863, 45.559463667s
22, 1, 0, 3, 105.231792ms
41, 2, 1, 67784, 3.004808834s
17, 2, 1, 923, 215.193667ms
9, 3, 2, 465895, 3.328326167s
20, 1, 0, 63, 141.924375ms
21, 1, 0, 11, 75.016500ms
36, 2, 1, 22089, 824.232917ms
53, 2, 1, 54052, 3.114827250s
14, 2, 1, 7067, 748.818792ms
22, 3, 2, 142208, 7.113766792s
43, 1, 0, 3, 763.030250ms
10, 2, 1, 17759, 990.543875ms
73, 1, 0, 78, 3.076168625s
24, 1, 0, 63, 201.645042ms
14, 1, 0, 40, 22.955959ms
17, 2, 0, 4896, 372.969333ms
49, 2, 1, 42904, 7.403587750s
69, 3, 2, 15620809, 27.241467459s
14, 3, 2, 1944834, 1m 5.282697250s
24, 1, 0, 70, 309.420333ms
23, 3, 2, 308507, 9.695379291s
99, 1, 0, 28, 6.568653583s
15, 3, 2, 1707842, 50.095960542s
25, 1, 0, 81, 156.530875ms
65, 1, 0, 4, 2.066996959s
40, 2, 1, 5548, 3.059549167s
43, 3, 1, 99403, 3.600355834s
39, 2, 1, 31780, 1.409437083s
63, 1, 0, 35, 1.683572667s
22, 1, 0, 47, 65.247875ms
81, 3, 1, 273594, 26.169626375s
59, 1, 0, 21, 1.481288708s
36, 1, 0, 79, 597.681708ms
93, 3, 2, 132267574, 2m 49.325450250s
34, 2, 0, 18, 1.507801292s
65, 1, 0, 2, 2.336676708s
14, 2, 1, 1562, 146.700084ms
34, 1, 0, 3, 242.965291ms
21, 2, 1, 500, 318.046625ms
28, 1, 0, 13, 92.736042ms
61, 1, 0, 2, 1.554014s
15, 1, 0, 32, 26.765250ms
9, 2, 1, 1506, 29.121541ms
30, 2, 1, 10866, 534.575750ms
11, 1, 0, 20, 13.859583ms
15, 2, 0, 398, 139.977042ms
12, 1, 0, 108, 28.133291ms
94, 3, 2, 30772385, 2m 23.162660292s
46, 1, 0, 42, 677.065958ms
28, 1, 0, 3, 158.313041ms
52, 2, 1, 2276, 2.032534958s
48, 2, 0, 34, 1.978871792s
25, 2, 1, 11030, 707.743834ms
53, 1, 0, 80, 957.819ms
27, 1, 0, 27, 219.780625ms
40, 2, 1, 32242, 995.231708ms
24, 1, 0, 2, 78.852875ms
45, 2, 1, 41063, 1.615370667s
34, 1, 0, 2, 194.924541ms
63, 1, 0, 15, 1.620501291s
13, 2, 1, 10177, 902.015416ms
42, 1, 0, 41, 585.569542ms
33, 2, 1, 26227, 754.735667ms
30, 1, 0, 58, 246.007792ms
50, 2, 1, 33097, 2.312171500s
13, 1, 0, 80, 52.489333ms
75, 2, 1, 70150, 6.514414833s
60, 2, 1, 4209, 2.866992792s
27, 1, 0, 32, 281.838ms
49, 3, 2, 53767, 5.569261459s
21, 2, 0, 1764, 436.708250ms
88, 2, 1, 74322, 9.134304750s
17, 1, 0, 2, 47.354292ms
32, 2, 1, 7632, 1.141096583s
34, 1, 0, 27, 300.466833ms
45, 1, 0, 135, 767.772250ms
51, 3, 2, 1288510, 32.961471084s
24, 1, 0, 4, 140.971250ms
59, 2, 1, 22156, 3.786696792s
27, 1, 0, 2, 149.016834ms
61, 1, 0, 11, 1.744937041s
5, 1, 0, 3, 13.470917ms
96, 1, 0, 28, 5.251660375s
34, 1, 0, 88, 312.455042ms
60, 2, 0, 169, 4.195644208s
22, 2, 0, 10404, 534.105125ms
80, 1, 0, 3, 3.607534708s
35, 3, 1, 342491, 4.408654833s
29, 1, 0, 22, 177.721667ms
31, 3, 2, 4157788, 28.315878541s
25, 2, 0, 398, 441.065167ms
18, 2, 1, 16178, 1.081683041s
63, 1, 0, 27, 1.621995625s
70, 1, 0, 102, 2.049111708s
67, 2, 0, 17, 5.891176958s
15, 2, 1, 15916, 1.110440750s
45, 2, 1, 50958, 2.408758792s
10, 1, 0, 37, 28.866833ms
16, 2, 1, 19251, 1.464263625s
76, 2, 1, 59356, 5.898140250s
69, 2, 0, 10404, 6.348868750s
56, 2, 1, 433, 2.410550625s
33, 2, 0, 183, 980.426959ms
84, 1, 0, 23, 3.540093333s
15, 1, 0, 58, 42.159292ms
44, 2, 1, 6241, 1.609657083s
31, 1, 0, 11, 271.005708ms
27, 2, 1, 959, 543.772750ms
35, 1, 0, 12, 280.661125ms
48, 2, 1, 34744, 3.451147s
19, 1, 0, 86, 75.101125ms
91, 2, 1, 67968, 9.357190542s
23, 1, 0, 33, 68.987208ms
52, 1, 0, 47, 767.446333ms
21, 2, 1, 17680, 665.827667ms
36, 3, 2, 2245258, 13.029877333s
51, 1, 0, 38, 482.079291ms
20, 1, 0, 5, 44.564833ms
72, 2, 1, 60290, 2.823786125s
75, 3, 2, 45804139, 50.036259541s
38, 3, 2, 4189522, 36.798322458s
9, 1, 0, 28, 10.143917ms
38, 2, 1, 1392, 682.531375ms
59, 2, 0, 2442, 2.718484250s
29, 3, 2, 118014, 4.486219250s
39, 1, 0, 7, 239.457042ms
78, 1, 0, 58, 1.898480291s
8, 2, 1, 141, 30.038708ms
75, 1, 0, 3, 2.145656709s
55, 1, 0, 5, 832.063292ms
57, 1, 0, 26, 1.054798333s
42, 1, 0, 14, 537.730667ms
33, 2, 1, 25963, 2.168206334s
22, 1, 0, 5, 118.785083ms
19, 3, 2, 3979566, 10.887095625s
60, 1, 0, 2, 1.243437209s
31, 1, 0, 2, 180.615708ms
94, 2, 1, 91958, 8.498856291s
41, 1, 0, 2, 260.439958ms
28, 3, 2, 8234093, 10m 49.520425083s
29, 1, 0, 6, 182.975542ms
50, 1, 0, 41, 707.409958ms
24, 1, 0, 26, 63.192625ms
47, 2, 1, 9866, 896.961834ms
9, 1, 0, 12, 9.113583ms
89, 1, 0, 6, 2.063052541s
22, 2, 1, 20389, 622.852708ms
15, 1, 0, 17, 25.332458ms
43, 1, 0, 30, 413.406875ms
29, 1, 0, 82, 102.619542ms
11, 1, 0, 72, 15.856958ms
20, 2, 1, 21992, 148.522167ms
21, 2, 1, 10804, 295.583417ms
46, 1, 0, 10, 317.670125ms
14, 1, 0, 4, 20.762750ms
26, 1, 0, 7, 78.786250ms
13, 2, 1, 4033, 84.368459ms
47, 2, 1, 41793, 1.065598250s
33, 2, 1, 7504, 334.519833ms
28, 1, 0, 37, 94.154250ms
30, 1, 0, 3, 133.872208ms
71, 3, 2, 225754, 13.551031791s
22, 1, 0, 3, 70.518958ms
20, 1, 0, 16, 61.976458ms
89, 3, 2, 14196814, 3m 32.529024208s
71, 1, 0, 5, 1.250350500s
20, 1, 0, 86, 55.451458ms
43, 3, 2, 8750889, 6m 15.497720875s
16, 1, 0, 10, 28.130250ms
11, 2, 1, 7027, 173.056958ms
19, 1, 0, 31, 39.203500ms
30, 2, 0, 9, 311.285083ms
29, 1, 0, 47, 104.052250ms
8, 2, 1, 2305, 53.153084ms
24, 1, 0, 17, 65.806250ms
60, 2, 0, 2112, 2.129031167s
42, 2, 0, 3782, 755.870292ms
39, 2, 1, 4246, 606.606792ms
81, 3, 2, 36495261, 8m 48.719020375s
34, 1, 0, 15, 149.413959ms
23, 2, 0, 890, 198.859ms
20, 3, 2, 426307, 5.852263584s
20, 1, 0, 7, 42.527250ms
49, 2, 1, 43250, 941.185250ms
18, 1, 0, 4, 34.503333ms
67, 3, 2, 5846382, 1m 6.951265875s
34, 1, 0, 80, 146.427750ms
32, 3, 2, 5680355, 7m 14.361374500s
25, 2, 1, 15682, 487.256375ms
29, 1, 0, 37, 101.934042ms
84, 2, 1, 83492, 4.340066542s
60, 1, 0, 88, 647.018208ms
17, 2, 1, 8946, 125.712750ms
29, 1, 0, 44, 105.362583ms
16, 1, 0, 30, 28.546875ms
21, 2, 0, 188, 268.731417ms
22, 2, 1, 24708, 367.949ms
40, 2, 1, 31387, 686.102625ms
22, 1, 0, 34, 53.457792ms
13, 1, 0, 57, 21.529416ms
37, 1, 0, 86, 194.951083ms
48, 1, 0, 4, 556.797250ms
34, 1, 0, 101, 144.539375ms
90, 1, 0, 26, 2.405472667s
17, 1, 0, 6, 31.695667ms
32, 1, 0, 57, 128.920125ms
47, 1, 0, 157, 375.927375ms
36, 1, 0, 26, 345.221250ms
92, 1, 0, 16, 2.150893208s
79, 1, 0, 80, 1.259292375s
60, 3, 2, 4539524, 6m 23.110114500s
13, 1, 0, 18, 19.525791ms
22, 1, 0, 35, 56.427250ms
50, 1, 0, 30, 412.947541ms
79, 1, 0, 5, 1.454902417s
81, 3, 1, 168515, 9.190517s
30, 1, 0, 82, 115.032209ms
50, 2, 1, 51788, 1.258134208s
52, 1, 0, 13, 447.458708ms
10, 1, 0, 15, 11.396625ms
35, 1, 0, 79, 163.139791ms
17, 1, 0, 31, 31.453500ms
27, 1, 0, 7, 84.602250ms
48, 3, 2, 11022011, 5m 30.621328125s
38, 2, 0, 43, 539.550417ms
15, 1, 0, 3, 23.861792ms
40, 1, 0, 29, 213.800667ms
19, 2, 1, 18998, 816.237209ms
45, 1, 0, 15, 461.198500ms
54, 2, 0, 8, 1.593553250s
37, 2, 1, 31533, 1.357592s
35, 1, 0, 4, 152.951209ms
45, 1, 0, 2, 284.523542ms
77, 2, 1, 79838, 4.037064708s
18, 1, 0, 30, 34.576750ms
65, 3, 2, 209419, 6.932849333s
27, 1, 0, 37, 82.385625ms
83, 1, 0, 28, 1.498918500s
43, 1, 0, 5, 251.492292ms
53, 3, 2, 12279975, 13m 49.407245083s
15, 1, 0, 65, 25.754625ms
27, 2, 1, 18230, 240.147208ms
50, 1, 0, 38, 368.409250ms
74, 1, 0, 81, 1.046852084s
13, 2, 0, 6, 46.273ms
42, 2, 1, 51796, 839.734792ms
12, 2, 1, 2093, 39.394792ms
45, 3, 2, 4109575, 7.279609916s
37, 1, 0, 29, 180.110292ms
15, 1, 0, 5, 24.005292ms
70, 1, 0, 58, 905.520166ms
33, 2, 1, 3280, 347.677250ms
11, 2, 1, 5558, 82.746083ms
29, 3, 2, 4622928, 1m 21.208419417s
53, 2, 1, 6586, 863.437791ms
15, 2, 1, 12860, 171.874458ms
87, 2, 1, 4734, 3.534459s
34, 2, 1, 23730, 324.251041ms
61, 2, 1, 6973, 1.392152208s
24, 1, 0, 18, 62.462833ms
38, 1, 0, 58, 184.026916ms
69, 1, 0, 14, 861.070833ms
7, 2, 1, 419, 13.692417ms
55, 1, 0, 13, 606.651375ms
79, 2, 1, 60996, 3.727216292s
29, 1, 0, 3, 97.412042ms
8, 1, 0, 102, 10.091875ms
18, 1, 0, 48, 35.323500ms
21, 2, 0, 784, 128.824458ms
91, 2, 1, 73876, 3.606177917s
84, 3, 2, 21220569, 48.710202583s
32, 3, 1, 599960, 1.827847583s
29, 1, 0, 150, 104.804666ms
33, 2, 1, 21434, 454.332292ms
46, 1, 0, 9, 300.553167ms